id;titulo;descripcion;localizacion;fecha
1;mobile Fish;Home Loan Account Table Computer;TraceXXXXX;2021-10-18T06:49:20
2;Metal deposit;ProducerXX;Implementation Electronics Officer;2021-10-18T00:00:42
3;Home Loan Account;web-readiness;NamibiaXXX;2021-10-18T05:14:04
4;Gorgeous Frozen Pants;CommonXXXX;Savings Account syndicate Planner;2021-10-18T03:37:44
5;HDDXX;Table Small Frozen Sausages Planner;envisioneer Music Public-key;2021-10-18T09:02:47
6;Bahamian Dollar Investment Account;Games Regional Digitized;copy convergence;2021-10-18T09:50:26
7;Georgia Industrial;connect Markets Chief;capacitor archive;2021-10-18T01:08:26
8;Aruba;software scale interactive;Louisiana Specialist Home Loan Account;2021-10-18T08:12:26
9;scalable;SmallXXXXX;deliverables reinvent 24 hour;2021-10-18T14:29:35
10;magenta monitor 1080p;Unbranded Plastic Tuna Frozen;generating Highway Ergonomic;2021-10-18T05:55:53
